综合运营平台-柜面F5,188.8.2.17,50010
综合运营平台-渠道协同F5,188.8.2.20,5566/4040/8883
综合运营平台生产-厅堂F5,188.8.2.18,53005/53006/8869
综合运营平台生产-展业F5,188.8.2.19,54002/54007
综合运营平台生产-NgServer,10.40.22.26,8376/8377
双录服务器,20.102.5.252,80
综合运营平台生产-AIM,188.8.21.20,9090
无纸化签名,188.8.2.11,8002
综合运营平台生产-Nginx1,172.24.18.29,54002/54007
综合运营平台生产-展业,188.8.21.23,54002/54007
综合运营平台生产-展业,188.8.21.24,54002/54007
综合运营平台生产-柜面,188.8.21.11,50010/50011/18505/9903
综合运营平台生产-柜面,188.8.21.12,50010/50011/18505/9903
综合运营平台生产-柜面,188.8.21.13,50010/50011/18505/9903
综合运营平台生产-柜面,188.8.21.14,50010/50011/18505/9903
综合运营平台生产-柜面,188.8.21.15,50010/50011/18505/9903
综合运营平台生产-柜面,188.8.21.16,50010/50011/18505/9903
综合运营平台生产-柜面,188.8.21.17,50010/50011/18505/9903
综合运营平台生产-柜面,188.8.21.18,50010/50011/18505/9903
综合运营平台生产-柜面,188.8.21.19,50010/50011/18505/9903
综合运营平台生产-渠道协同,188.8.21.25,5566/9903/4040/8883/8884/7903
综合运营平台生产-渠道协同,188.8.21.26,5566/9903/4040/8883/8884/7903
综合运营平台生产-渠道协同,188.8.21.27,5566/9903/4040/8883/8884/7903
综合运营平台生产-渠道协同,188.8.21.28 ,5566/9903/4040/8883/8884/7903
综合运营平台生产-厅堂,188.8.21.21,53005/53006/8869
综合运营平台生产-厅堂,188.8.21.22,53005/53006/8869
综合运营平台生产-REDIS,188.8.21.30,20001
综合运营平台生产-REDIS,188.8.21.31,20001
综合运营平台生产-REDIS,188.8.21.32,20001
综合运营平台生产-REDIS,188.8.21.33,20001
综合运营平台生产-REDIS,188.8.21.34,20001
